id,filepath,class,timestamp,x_min,y_min,width,height
1,bird.png,bird,,0.225,0.6601,0.1776,0.3175
2,bird (1).png,bird,,0.5687,0.5398,0.1078,0.1796
4,bird (2).png,bird,,0.2963,0.737,0.0864,0.1935
5,butterfly.png,other,,0.0369,0.0481,0.0317,0.1851
6,podolic_cow (2).png,podolic_cow,2025-03-03T12:23:04,0.1989,0.0546,0.489,0.8962
7,podolic_cow (3).png,podolic_cow,,0.0,0.0,0.5416,0.9509
8,podolic_cow (4).png,podolic_cow,,0.3453,0.0805,0.6546,0.8694
9,cat.png,cat,,0.613,0.6518,0.15,0.1537
11,fox.png,fox,2025-12-03T12:50:57,0.9677,0.8564,0.0322,0.0703
12,fox (1).png,fox,2025-02-15T11:18:49,0.1432,0.4379,0.0562,0.1444
13,podolic_cow (5).png,podolic_cow,2025-01-12T10:10:42,0.0,0.1425,0.6447,0.8101
14,podolic_cow (6).png,podolic_cow,,0.2729,0.0,0.5635,0.9509
16,fox (2).png,fox,,0.0,0.6296,0.0796,0.1879
19,podolic_cow (9).png,podolic_cow,2025-01-04T08:08:55,0.8911,0.7851,0.0973,0.2129
20,podolic_cow (10).png,podolic_cow,,0.0,0.1925,0.2354,0.5046
21,bird (5).png,bird,,0.563,0.5925,0.0734,0.1324
22,podolic_cow (11).png,podolic_cow,2025-01-16T16:05:33,0.4781,0.0009,0.5218,0.9499
23,podolic_cow (12).png,podolic_cow,,0.2062,0.0,0.3927,0.4277
27,podolic_cow (14).png,podolic_cow,2025-02-20T10:45:32,0.2697,0.0046,0.7296,0.9462
28,podolic_cow (15).png,podolic_cow,,0.439,0.2166,0.5359,0.6925
30,wolf.png,wolf,2025-03-30T07:57:45,0.526,0.874,0.1078,0.125
33,boar.png,boar,2024-12-27T07:22:57,0.0463,0.2453,0.2322,0.7157
34,bird (9).png,bird,,0.4901,0.637,0.3489,0.3194
35,boar (1).png,boar,2025-10-03T17:19:52,0.5218,0.7194,0.1104,0.1518
36,podolic_cow (17).png,podolic_cow,,0.3119,0.1657,0.5828,0.7861
37,badger.png,other,2025-03-04T04:18:55,0.4546,0.3944,0.0411,0.0703
38,podolic_cow (18).png,podolic_cow,2025-01-05T14:42:24,0.088,0.4435,0.5786,0.5083
40,boar (2).png,boar,2024-12-22T15:39:14,0.4593,0.1888,0.0614,0.1259
41,podolic_cow (20).png,podolic_cow,,0.0,0.1925,0.2348,0.7592
42,bird (10).png,bird,,0.3218,0.9175,0.0703,0.0805
43,lizard.png,other,2025-12-04T10:59:00,0.039,0.0574,0.0322,0.1888
44,podolic_cow (21).png,podolic_cow,2025-03-25T08:17:34,0.0973,0.4351,0.2552,0.5629
45,lizard (1).png,other,,0.0406,0.074,0.0296,0.1611
46,boar (3).png,boar,2025-03-26T14:30:33,0.7635,0.6648,0.2364,0.3342
47,bird (11).png,bird,,0.2312,0.7379,0.1015,0.1398
48,podolic_cow (22).png,podolic_cow,,0.5276,0.224,0.1286,0.4888
49,boar (4).png,boar,2024-12-17T07:50:26,0.2588,0.1629,0.2239,0.2592
50,podolic_cow (23).png,podolic_cow,2025-03-25T08:40:27,0.0,0.0009,0.2781,0.8759
52,podolic_cow (25).png,podolic_cow,2025-02-04T08:23:45,0.364,0.1805,0.1562,0.2472
53,podolic_cow (26).png,podolic_cow,,0.0,0.0009,0.4208,0.9499
54,podolic_cow (27).png,podolic_cow,2025-01-04T08:07:05,0.0,0.4592,0.1781,0.5092
55,bird (12).png,bird,,0.1463,0.6712,0.2145,0.3101
56,bird (13).png,bird,,0.3833,0.6879,0.4322,0.3111
57,bird (14).png,bird,,0.0375,0.6666,0.2078,0.2564
58,podolic_cow (28).png,podolic_cow,,0.4171,0.0888,0.5828,0.862
59,podolic_cow (29).png,podolic_cow,,0.0,0.4842,0.1734,0.4685
61,podolic_cow (31).png,podolic_cow,2025-03-30T13:43:59,0.3218,0.5064,0.3479,0.4925
62,podolic_cow (32).png,podolic_cow,2025-04-15T07:40:22,0.0854,0.0981,0.3859,0.7277
63,podolic_cow (33).png,podolic_cow,,0.0598,0.0037,0.8505,0.9481
65,boar (5).png,boar,2025-08-02T22:15:35,0.3937,0.4324,0.3036,0.3777
66,podolic_cow (34).png,podolic_cow,2025-03-25T08:03:17,0.0,0.15,0.2755,0.8435
67,podolic_cow (35).png,podolic_cow,,0.3552,0.2055,0.2786,0.5629
68,bird (16).png,bird,,0.0588,0.2907,0.0359,0.1601
69,podolic_cow (36).png,podolic_cow,,0.6322,0.0444,0.3677,0.9064
70,podolic_cow (37).png,podolic_cow,2025-02-04T08:24:59,0.601,0.2101,0.2489,0.3425
71,podolic_cow (38).png,podolic_cow,,0.751,0.1657,0.1291,0.4129
72,podolic_cow (39).png,podolic_cow,2025-02-19T00:52:19,0.6302,0.1814,0.3697,0.5324
74,bird (18).png,bird,2024-12-17T08:24:43,0.9395,0.8564,0.0531,0.1064
75,podolic_cow (40).png,podolic_cow,,0.8427,0.2592,0.1572,0.6935
76,bird (19).png,bird,,0.8432,0.3768,0.1567,0.2481
77,bird (20).png,bird,,0.3453,0.5009,0.0796,0.1842
78,podolic_cow (41).png,podolic_cow,,0.8234,0.1981,0.1765,0.6583
79,podolic_cow (42).png,podolic_cow,2025-03-13T14:57:14,0.0781,0.0425,0.5739,0.7907
80,podolic_cow (43).png,podolic_cow,,0.0,0.0009,1.0,0.9509
84,boar (8).png,boar,,0.7421,0.5175,0.2578,0.4342
85,bird (21).png,bird,2025-04-19T08:24:51,0.2526,0.5398,0.1484,0.2324
86,podolic_cow (44).png,podolic_cow,,0.0,0.1305,0.4427,0.8212
87,bird (22).png,bird,,0.102,0.6731,0.264,0.3259
88,bird (23).png,bird,,0.225,0.1916,0.0989,0.15
89,wolf (1).png,wolf,,0.4447,0.5731,0.1244,0.3777
90,podolic_cow (45).png,podolic_cow,2025-02-19T12:17:17,0.5395,0.0009,0.3541,0.9499
91,podolic_cow (46).png,podolic_cow,,0.2895,0.074,0.7098,0.8759
92,boar (9).png,boar,2025-01-15T10:33:46,0.4604,0.4675,0.0984,0.3
93,bird (24).png,bird,,0.0,0.7999,0.276,0.1962
94,boar (10).png,boar,,0.276,0.4046,0.3286,0.324
96,podolic_cow (47).png,podolic_cow,,0.2942,0.0064,0.427,0.9453
97,fox (3).png,fox,2024-12-21T03:47:04,0.5656,0.6564,0.1281,0.3046
98,podolic_cow (48).png,podolic_cow,,0.3583,0.1944,0.1489,0.6046
99,bird (25).png,bird,,0.4807,0.5314,0.0682,0.0962
100,fox (4).png,fox,2025-05-01T13:55:26,0.8552,0.0018,0.1447,0.9592
101,podolic_cow (49).png,podolic_cow,,0.0,0.449,0.0927,0.3499
102,podolic_cow (50).png,podolic_cow,2025-03-25T08:39:33,0.0,0.0,0.7572,0.9611
103,bird (26).png,bird,,0.4343,0.5249,0.2265,0.4583
105,bird (27).png,bird,,0.0442,0.5481,0.1375,0.2527
106,podolic_cow (51).png,podolic_cow,,0.0005,0.0009,0.6468,0.9509
107,cat (3).png,cat,2025-08-03T08:25:42,0.4494,0.6666,0.1822,0.1731
108,boar (13).png,boar,2025-02-20T12:01:16,0.7932,0.3175,0.2052,0.2435
109,bird (28).png,bird,,0.4348,0.7055,0.352,0.2833
110,bird (29).png,bird,,0.6375,0.3296,0.1302,0.099
111,fox (5).png,fox,2025-06-03T08:11:28,0.5609,0.5611,0.1572,0.1388
112,boar (14).png,boar,2024-12-17T07:41:53,0.114,0.2296,0.1218,0.3546
113,podolic_cow (52).png,podolic_cow,2025-01-15T09:02:10,0.5973,0.2259,0.301,0.4898
115,badger (1).png,other,2025-03-04T03:19:24,0.4197,0.3999,0.0494,0.0814
116,boar (15).png,boar,2024-12-25T10:36:15,0.8083,0.2824,0.1916,0.6787
117,podolic_cow (53).png,podolic_cow,,0.0,0.0009,1.0,0.9499
119,podolic_cow (54).png,podolic_cow,,0.2635,0.0962,0.7364,0.8537
120,boar (17).png,boar,2025-03-26T12:39:59,0.7848,0.5435,0.2151,0.4555
121,boar (18).png,boar,2024-12-31T09:34:11,0.4687,0.1824,0.0927,0.3981
122,podolic_cow (55).png,podolic_cow,2025-03-30T13:32:29,0.0,0.0666,0.2953,0.7138
123,podolic_cow (56).png,podolic_cow,2025-03-25T08:36:19,0.9432,0.6805,0.0567,0.2814
124,bird (31).png,bird,,0.0822,0.7907,0.1489,0.2083
125,podolic_cow (57).png,podolic_cow,,0.5385,0.0185,0.4187,0.9324
126,fox (6).png,fox,2024-12-17T08:57:55,0.4947,0.3148,0.0531,0.1398
127,boar (19).png,boar,2025-04-04T16:58:56,0.0,0.2546,0.4072,0.7435
129,podolic_cow (58).png,podolic_cow,2025-03-25T08:47:49,0.363,0.0,0.614,0.9629
130,boar (20).png,boar,,0.2416,0.6314,0.2468,0.3212
131,boar (21).png,boar,2025-03-28T18:10:39,0.0,0.0,0.6833,0.9972
132,podolic_cow (59).png,podolic_cow,,0.3947,0.1462,0.1875,0.8046
133,bird (33).png,bird,,0.2473,0.8842,0.0395,0.1092
134,podolic_cow (60).png,podolic_cow,2025-01-10T10:28:50,0.0,0.124,0.9984,0.8259
136,podolic_cow (61).png,podolic_cow,,0.8421,0.3268,0.1578,0.3722
137,podolic_cow (62).png,podolic_cow,,0.0005,0.0796,0.626,0.8731
138,podolic_cow (63).png,podolic_cow,2025-03-13T15:07:02,0.2161,0.1694,0.2406,0.5518
139,podolic_cow (64).png,podolic_cow,,0.0,0.1861,0.438,0.7648
141,bird (34).png,bird,,0.2078,0.9027,0.076,0.0944
142,cat (4).png,cat,,0.2203,0.5342,0.0796,0.137
143,podolic_cow (66).png,podolic_cow,,0.6911,0.2287,0.1395,0.6018
144,bird (35).png,bird,,0.5411,0.5462,0.2026,0.3083
145,bird (36).png,bird,2025-12-04T10:27:34,0.0,0.5481,0.2421,0.2861
146,podolic_cow (67).png,podolic_cow,,0.2713,0.0018,0.5375,0.9499
147,boar (23).png,boar,2025-03-28T18:12:04,0.8781,0.9027,0.0604,0.0972
148,podolic_cow (68).png,podolic_cow,,0.2192,0.0935,0.7807,0.8564
150,podolic_cow (70).png,podolic_cow,,0.0,0.1416,0.6151,0.8092
151,bird (37).png,bird,,0.3697,0.6009,0.2734,0.3814
152,podolic_cow (71).png,podolic_cow,2025-03-13T15:01:31,0.0864,0.1509,0.4635,0.774
153,podolic_cow (72).png,podolic_cow,,0.6109,0.2416,0.2328,0.4555
154,porcupine.png,other,,0.5,0.6796,0.0979,0.2231
155,podolic_cow (73).png,podolic_cow,,0.2776,0.1694,0.502,0.7824
156,bird (38).png,bird,,0.4619,0.8333,0.0911,0.1111
157,bird (39).png,bird,,0.2947,0.6962,0.1072,0.3027
158,bird (40).png,bird,,0.4895,0.6712,0.0739,0.1453
159,fox (7).png,fox,,0.9567,0.599,0.0432,0.1481
160,podolic_cow (74).png,podolic_cow,,0.4697,0.2231,0.4713,0.5768
161,cat (5).png,cat,2025-02-17T11:40:28,0.3624,0.4611,0.0411,0.1018
162,bird (41).png,bird,,0.3177,0.587,0.2427,0.3527
163,podolic_cow (75).png,podolic_cow,,0.0005,0.1453,0.5838,0.8064
164,bird (42).png,bird,,0.527,0.6925,0.1885,0.237
166,bird (43).png,bird,,0.8552,0.4157,0.0687,0.1083
168,wolf (2).png,wolf,,0.0442,0.6768,0.3354,0.274
169,boar (24).png,boar,2025-10-03T17:17:31,0.7739,0.5972,0.226,0.4018
170,boar (25).png,boar,2024-12-24T10:02:51,0.1864,0.2018,0.1416,0.5268
171,bird (45).png,bird,,0.4776,0.3999,0.2817,0.2777
172,podolic_cow (77).png,podolic_cow,,0.4078,0.2351,0.4781,0.5472
173,fox (8).png,fox,2025-06-03T09:36:36,0.8484,0.8648,0.0588,0.0907
174,wolf (3).png,wolf,,0.701,0.4148,0.0473,0.1611
175,podolic_cow (78).png,podolic_cow,,0.3723,0.2333,0.3994,0.7185
177,bird (46).png,bird,,0.0,0.6833,0.2552,0.2898
178,podolic_cow (79).png,podolic_cow,2025-03-14T15:19:42,0.7864,0.6027,0.2,0.3953
180,bird (47).png,bird,,0.0083,0.4944,0.2598,0.2314
181,boar (26).png,boar,2024-12-30T07:19:07,0.1703,0.3675,0.6364,0.5935
183,podolic_cow (81).png,podolic_cow,,0.4281,0.0777,0.4124,0.875
185,podolic_cow (82).png,podolic_cow,2025-05-04T08:05:38,0.1526,0.5638,0.2588,0.2398
186,boar (27).png,boar,2024-12-24T09:58:17,0.1765,0.2018,0.1343,0.4805
187,bird (49).png,bird,2025-04-19T07:45:59,0.3333,0.5722,0.2864,0.2407
188,boar (28).png,boar,2024-12-22T15:37:44,0.5796,0.4203,0.0192,0.0342
189,porcupine (1).png,other,,0.3854,0.4231,0.0557,0.1268
190,podolic_cow (83).png,podolic_cow,,0.8062,0.2351,0.1239,0.2129
191,podolic_cow (84).png,podolic_cow,2025-03-25T08:37:44,0.4567,0.5925,0.302,0.4064
193,bird (51).png,bird,,0.2078,0.5796,0.2046,0.2574
195,lizard (2).png,other,,0.6244,0.4231,0.0171,0.0694
196,fox (11).png,fox,,0.6463,0.625,0.1885,0.1694
197,boar (30).png,boar,2025-01-15T10:36:49,0.2244,0.5416,0.2307,0.3537
199,boar (31).png,boar,2024-12-15T21:36:53,0.5973,0.2314,0.1489,0.6037
202,podolic_cow (87).png,podolic_cow,,0.0005,0.0166,0.6312,0.9351
203,bird (53).png,bird,2025-04-19T07:42:26,0.3343,0.8333,0.0984,0.1018
205,podolic_cow (89).png,podolic_cow,,0.0,0.0009,0.7786,0.9509
206,podolic_cow (90).png,podolic_cow,,0.1635,0.1962,0.3723,0.5731
209,podolic_cow (92).png,podolic_cow,,0.9223,0.2277,0.0776,0.3175
210,fox (12).png,fox,2025-12-02T17:09:14,0.5921,0.3805,0.0354,0.0555
211,podolic_cow (93).png,podolic_cow,2025-01-17T10:02:08,0.088,0.0935,0.8562,0.8592
212,boar (32).png,boar,2025-01-15T10:35:30,0.4526,0.4379,0.0854,0.2416
213,podolic_cow (94).png,podolic_cow,2025-02-24T18:47:31,0.202,0.0009,0.5369,0.9499
215,podolic_cow (96).png,podolic_cow,,0.5395,0.1435,0.4604,0.8074
216,bird (55).png,bird,,0.9265,0.2814,0.0625,0.1388
218,podolic_cow (97).png,podolic_cow,,0.076,0.1361,0.6171,0.8148
219,bird (57).png,bird,,0.4718,0.4601,0.0583,0.1055
220,fox (13).png,fox,,0.7598,0.5703,0.1057,0.1685
221,podolic_cow (98).png,podolic_cow,,0.4093,0.5509,0.3411,0.4481
223,fox (15).png,fox,,0.9624,0.6027,0.0375,0.1342
224,podolic_cow (99).png,podolic_cow,,0.5697,0.137,0.4302,0.8148
225,podolic_cow (100).png,podolic_cow,,0.6109,0.1981,0.1692,0.5231
226,fox (16).png,fox,2025-06-03T09:39:43,0.6333,0.6296,0.1776,0.1712
227,bird (58).png,bird,,0.363,0.8305,0.0307,0.0879
229,podolic_cow (101).png,podolic_cow,2025-03-04T14:15:14,0.5531,0.0851,0.2593,0.8657
230,wolf (4).png,wolf,,0.3625,0.7361,0.2812,0.2157
231,boar (34).png,boar,2025-01-15T10:37:53,0.8197,0.3666,0.075,0.0796
232,bird (59).png,bird,,0.3312,0.8379,0.0479,0.1037
233,bird (60).png,bird,,0.0578,0.8101,0.1171,0.187
235,fox (17).png,fox,2025-02-20T17:34:34,0.1572,0.4268,0.0843,0.1175
236,fox (18).png,fox,2025-10-02T19:42:28,0.2317,0.5129,0.0947,0.1175
239,boar (36).png,boar,,0.1348,0.5944,0.3427,0.3583
241,wolf (5).png,wolf,,0.7359,0.4138,0.0645,0.2509
242,bird (62).png,bird,,0.4947,0.7296,0.0937,0.2333
243,podolic_cow (104).png,podolic_cow,2025-01-12T10:41:24,0.6994,0.2259,0.2989,0.4694
244,bird (63).png,bird,,0.2041,0.6722,0.1552,0.2611
245,bird (64).png,bird,,0.638,0.5268,0.2786,0.2768
248,bird (67).png,bird,,0.3661,0.5805,0.3463,0.3611
249,podolic_cow (105).png,podolic_cow,,0.4963,0.6648,0.2463,0.3342
250,podolic_cow (106).png,podolic_cow,,0.0005,0.0027,0.6791,0.9499
251,podolic_cow (107).png,podolic_cow,2025-05-04T08:18:57,0.0,0.0,0.5848,0.962
252,podolic_cow (108).png,podolic_cow,,0.0,0.1925,0.4859,0.8055
253,fox (19).png,fox,2025-08-02T06:20:13,0.3526,0.4675,0.0755,0.0879
254,boar (37).png,boar,,0.4546,0.1453,0.0963,0.2611
255,fox (20).png,fox,,0.3328,0.4851,0.1494,0.1805
256,fox (21).png,fox,2025-03-13T18:51:39,0.5114,0.9472,0.1343,0.0518
257,boar (38).png,boar,,0.2682,0.5009,0.1124,0.287
260,bird (68).png,bird,,0.364,0.6879,0.1562,0.3101
261,porcupine (2).png,other,2025-04-04T00:08:14,0.4406,0.362,0.0322,0.075
263,bird (69).png,bird,,0.4822,0.5194,0.1036,0.2138
264,boar (39).png,boar,2025-03-28T18:00:35,0.6395,0.8787,0.1744,0.1203
265,bird (70).png,bird,,0.1385,0.7287,0.2421,0.2296
266,bird (71).png,bird,,0.3166,0.8425,0.0364,0.112
268,boar (40).png,boar,2025-03-26T12:37:55,0.3791,0.7666,0.1083,0.1787
269,fox (23).png,fox,2025-02-14T14:46:59,0.0,0.5814,0.0734,0.1527
270,bird (72).png,bird,,0.3192,0.8611,0.0572,0.1101
271,podolic_cow (111).png,podolic_cow,2025-03-13T14:58:42,0.0979,0.1222,0.3265,0.6157
272,podolic_cow (112).png,podolic_cow,2024-12-22T06:57:22,0.8359,0.0,0.164,0.4324
273,podolic_cow (113).png,podolic_cow,,0.5109,0.1842,0.4203,0.5342
274,boar (41).png,boar,2024-12-17T14:06:18,0.3911,0.1499,0.1036,0.2027
275,podolic_cow (114).png,podolic_cow,,0.7406,0.0962,0.1822,0.7166
276,bird (73).png,bird,,0.3343,0.7777,0.0932,0.0925
277,dog.png,other,2025-02-14T10:22:29,0.3515,0.3481,0.0833,0.1527
278,podolic_cow (115).png,podolic_cow,2025-03-14T15:16:34,0.0,0.1787,0.2114,0.5861
280,podolic_cow (117).png,podolic_cow,2025-01-04T08:17:06,0.7656,0.6888,0.138,0.3101
281,podolic_cow (118).png,podolic_cow,,0.3567,0.249,0.2291,0.4416
282,podolic_cow (119).png,podolic_cow,2025-03-15T02:28:53,0.0,0.0027,0.6864,0.9481
283,boar (42).png,boar,,0.4546,0.2703,0.0213,0.0916
284,podolic_cow (120).png,podolic_cow,,0.4177,0.174,0.2192,0.6657
285,badger (2).png,other,2025-03-29T00:52:16,0.6046,0.4287,0.0703,0.0842
286,bird (74).png,bird,,0.5671,0.3787,0.0348,0.1166
287,podolic_cow (121).png,podolic_cow,,0.489,0.0981,0.3015,0.8518
288,boar (43).png,boar,,0.0,0.4342,0.0973,0.2638
289,wolf (6).png,wolf,,0.9005,0.4296,0.0718,0.212
290,boar (44).png,boar,2025-03-28T17:56:09,0.3109,0.8287,0.0937,0.1703
291,bird (75).png,bird,,0.2583,0.6972,0.1942,0.2675
292,fox (24).png,fox,2025-03-31T04:10:43,0.3588,0.9194,0.0854,0.0805
293,podolic_cow (122).png,podolic_cow,,0.2609,0.0,0.739,0.949
294,bird (76).png,bird,,0.3697,0.787,0.0739,0.1074
295,podolic_cow (123).png,podolic_cow,2025-03-12T12:25:57,0.0,0.012,0.3005,0.9388
296,boar (45).png,boar,2024-12-30T10:30:57,0.5104,0.1851,0.1239,0.3537
298,podolic_cow (125).png,podolic_cow,,0.4546,0.2333,0.2088,0.4768
299,podolic_cow (126).png,podolic_cow,2025-03-15T02:29:28,0.001,0.0009,0.9838,0.9499
300,bird (77).png,bird,,0.5682,0.7379,0.3046,0.2601
302,podolic_cow (128).png,podolic_cow,,0.0,0.3185,0.4947,0.6787
303,fox (25).png,fox,,0.4687,0.3731,0.0156,0.0472
305,bird (78).png,bird,,0.3473,0.4222,0.0671,0.2
307,podolic_cow (130).png,podolic_cow,,0.95,0.1916,0.05,0.3712
308,boar (46).png,boar,2024-12-22T15:45:40,0.6869,0.3666,0.313,0.5935
309,bird (80).png,bird,2025-04-19T08:12:07,0.4203,0.5129,0.0864,0.1592
310,bird (81).png,bird,,0.1947,0.7611,0.2552,0.2379
311,boar (47).png,boar,2025-03-26T23:04:06,0.4328,0.8249,0.1885,0.174
314,fox (26).png,fox,2025-06-02T07:26:10,0.3755,0.5472,0.1098,0.1777
316,podolic_cow (132).png,podolic_cow,2025-01-04T08:21:40,0.263,0.1851,0.3062,0.4518
317,boar (48).png,boar,2024-12-30T08:16:38,0.139,0.1731,0.1473,0.5722
318,podolic_cow (133).png,podolic_cow,,0.3973,0.1999,0.1526,0.5222
319,bird (84).png,bird,,0.3531,0.562,0.2838,0.4361
320,bird (85).png,bird,2025-04-22T06:32:39,0.9437,0.3018,0.0562,0.4074
321,podolic_cow (134).png,podolic_cow,2025-03-17T10:05:07,0.9239,0.237,0.076,0.2
322,fox (27).png,fox,2024-12-29T09:20:47,0.4973,0.3037,0.0619,0.1675
323,boar (49).png,boar,2024-12-22T07:32:01,0.1348,0.1657,0.2453,0.2509
324,bird (86).png,bird,,0.0,0.3972,0.0213,0.0814
325,bird (87).png,bird,,0.3489,0.6046,0.1364,0.249
326,podolic_cow (135).png,podolic_cow,,0.4411,0.124,0.5088,0.8268
327,bird (88).png,bird,2025-04-24T06:58:51,0.3989,0.7111,0.1203,0.2879
328,podolic_cow (136).png,podolic_cow,,0.376,0.4148,0.4317,0.5842
329,bird (89).png,bird,,0.3484,0.7731,0.0562,0.1203
330,fox (28).png,fox,2025-03-04T23:03:47,0.3609,0.4074,0.0572,0.1101
332,podolic_cow (138).png,podolic_cow,,0.8703,0.1805,0.1296,0.3888
333,bird (90).png,bird,2025-04-19T07:43:30,0.5859,0.6824,0.2458,0.3166
334,podolic_cow (139).png,podolic_cow,2025-03-13T14:59:39,0.1234,0.0953,0.3645,0.6425
335,boar (50).png,boar,,0.4843,0.8361,0.1885,0.1629
336,podolic_cow (140).png,podolic_cow,2024-12-27T15:00:33,0.0,0.4287,0.1593,0.5342
337,podolic_cow (141).png,podolic_cow,,0.4671,0.1888,0.3989,0.6046
338,boar (51).png,boar,2025-03-26T12:39:27,0.8489,0.8481,0.126,0.1509
339,bird (91).png,bird,,0.4833,0.6981,0.0859,0.2648
341,bird (92).png,bird,,0.1968,0.8759,0.1015,0.1101
342,boar (52).png,boar,,0.5609,0.0972,0.4343,0.6814
343,podolic_cow (143).png,podolic_cow,,0.5447,0.1907,0.4364,0.7611
344,boar (53).png,boar,2025-01-04T18:06:32,0.5838,0.3324,0.0713,0.1842
345,fox (29).png,fox,2025-08-02T14:47:17,0.9479,0.5842,0.052,0.1462
346,bird (93).png,bird,2025-04-19T08:36:08,0.2177,0.5898,0.1843,0.2666
347,podolic_cow (144).png,podolic_cow,,0.7484,0.212,0.2041,0.5657
348,podolic_cow (145).png,podolic_cow,,0.7536,0.2351,0.1265,0.3222
351,bird (94).png,bird,,0.2562,0.7314,0.1593,0.2388
352,podolic_cow (148).png,podolic_cow,,0.602,0.212,0.1026,0.3675
353,bird (95).png,bird,,0.6515,0.5555,0.0666,0.1851
354,podolic_cow (149).png,podolic_cow,2025-01-04T08:11:28,0.4552,0.5842,0.2906,0.4138
355,bird (96).png,bird,,0.5541,0.3555,0.2166,0.3916
356,wolf (7).png,wolf,2025-03-27T18:58:27,0.5807,0.3259,0.038,0.2101
357,cat (6).png,cat,,0.5703,0.9425,0.0697,0.0564
358,podolic_cow (150).png,podolic_cow,2025-03-24T13:30:03,0.1942,0.0018,0.239,0.6898
359,fox (30).png,fox,,0.3755,0.5296,0.1822,0.1749
360,bird (97).png,bird,2025-04-19T06:41:52,0.564,0.5185,0.1385,0.2361
364,boar (55).png,boar,2025-03-28T18:07:44,0.7177,0.912,0.1729,0.087
365,boar (56).png,boar,2024-12-30T06:55:58,0.1635,0.174,0.1421,0.5
367,podolic_cow (152).png,podolic_cow,,0.639,0.1833,0.2098,0.4277
368,bird (98).png,bird,,0.3322,0.5379,0.0489,0.0944
369,porcupine (3).png,other,,0.3828,0.4175,0.15,0.2277
371,podolic_cow (153).png,podolic_cow,2025-02-19T00:53:25,0.4187,0.1944,0.3859,0.5194
372,podolic_cow (154).png,podolic_cow,,0.7552,0.3518,0.0963,0.2342
373,bird (99).png,bird,2025-12-04T08:20:38,0.4239,0.687,0.0338,0.0888
374,bird (100).png,bird,2025-04-23T14:32:08,0.0953,0.4444,0.3333,0.5546
375,podolic_cow (155).png,podolic_cow,2025-03-25T08:36:53,0.3098,0.3851,0.4395,0.6138
376,podolic_cow (156).png,podolic_cow,2025-03-15T02:28:16,0.2984,0.1935,0.2447,0.4518
379,boar (58).png,boar,2025-03-28T18:09:31,0.001,0.0018,0.9671,0.9953
380,fox (32).png,fox,2025-03-15T18:44:09,0.6692,0.5287,0.0348,0.087
381,bird (101).png,bird,2025-04-22T06:56:42,0.3208,0.4851,0.1385,0.1
382,bird (102).png,bird,,0.427,0.6675,0.0567,0.1268
384,boar (59).png,boar,2025-03-28T18:08:57,0.8046,0.8851,0.0447,0.1083
388,bird (105).png,bird,,0.5041,0.5555,0.3171,0.3648
389,podolic_cow (160).png,podolic_cow,,0.3223,0.2296,0.4468,0.7212
390,podolic_cow (161).png,podolic_cow,,0.0005,0.1296,0.5515,0.8212
391,podolic_cow (162).png,podolic_cow,2025-01-05T12:55:35,0.351,0.1537,0.625,0.7972
392,fox (34).png,fox,2025-03-04T16:14:57,0.4119,0.3981,0.0322,0.0898
393,bird (106).png,bird,,0.2088,0.4916,0.0614,0.0972
394,podolic_cow (163).png,podolic_cow,,0.452,0.0888,0.5385,0.862
396,podolic_cow (164).png,podolic_cow,,0.3463,0.3796,0.4755,0.5712
398,podolic_cow (165).png,podolic_cow,2025-01-04T08:12:47,0.2859,0.324,0.3854,0.674
399,bird (108).png,bird,2025-04-21T07:16:36,0.0005,0.6546,0.1687,0.3175
400,bird (109).png,bird,,0.1067,0.6305,0.2359,0.3231
401,boar (60).png,boar,2024-12-17T07:51:25,0.0,0.1481,0.1927,0.2805
404,boar (61).png,boar,2024-12-21T01:49:58,0.4234,0.2027,0.2802,0.3944
405,boar (62).png,boar,,0.0,0.174,0.1192,0.3546
406,bird (111).png,bird,,0.1786,0.524,0.1197,0.1277
407,podolic_cow (167).png,podolic_cow,,0.2036,0.4287,0.5375,0.5703
408,bird (112).png,bird,,0.477,0.512,0.0744,0.1064
409,boar (63).png,boar,2024-12-24T10:01:51,0.2255,0.1944,0.1114,0.4157
410,boar (64).png,boar,2025-03-26T12:42:44,0.188,0.7601,0.3911,0.2388
411,fox (36).png,fox,,0.4348,0.4055,0.0239,0.0805
412,podolic_cow (168).png,podolic_cow,,0.1869,0.1101,0.5062,0.8407
413,bird (113).png,bird,,0.1322,0.6351,0.1505,0.2981
414,bird (114).png,bird,,0.6291,0.2157,0.0901,0.1472
415,podolic_cow (169).png,podolic_cow,,0.8833,0.199,0.1166,0.6296
417,podolic_cow (171).png,podolic_cow,2025-01-10T10:29:33,0.0,0.125,0.1234,0.8268
418,boar (65).png,boar,2025-03-26T12:41:30,0.8739,0.8916,0.0869,0.1074
421,bird (116).png,bird,,0.3786,0.749,0.3239,0.237
422,cat (7).png,cat,,0.5255,0.6481,0.1744,0.1824
425,podolic_cow (174).png,podolic_cow,2025-01-04T08:17:07,0.1791,0.0537,0.5296,0.6712
426,podolic_cow (175).png,podolic_cow,2025-03-30T13:31:33,0.0,0.0796,0.2119,0.5259
428,bird (118).png,bird,2025-02-17T07:34:07,0.6776,0.5499,0.1286,0.1629
429,bird (119).png,bird,,0.4677,0.7675,0.0427,0.1231
430,podolic_cow (176).png,podolic_cow,,0.7828,0.2074,0.2171,0.4898
431,podolic_cow (177).png,podolic_cow,2025-04-15T07:38:59,0.3479,0.1629,0.1338,0.3611
432,bird (120).png,bird,,0.326,0.8129,0.2296,0.1851
433,podolic_cow (178).png,podolic_cow,,0.2364,0.0037,0.7635,0.949
434,bird (121).png,bird,,0.2838,0.762,0.0567,0.0898
435,bird (122).png,bird,,0.2807,0.7907,0.1848,0.2083
436,bird (123).png,bird,2025-04-23T16:39:56,0.3979,0.687,0.1098,0.3092
437,podolic_cow (179).png,podolic_cow,,0.3541,0.0925,0.4567,0.8592
438,boar (67).png,boar,2024-12-22T15:34:01,0.4578,0.1777,0.0625,0.1351
440,bird (124).png,bird,,0.3453,0.8861,0.0369,0.0805
441,podolic_cow (180).png,podolic_cow,,0.4859,0.1416,0.3505,0.7509
442,bird (125).png,bird,2025-04-23T18:56:57,0.2385,0.6962,0.0874,0.2194
444,podolic_cow (182).png,podolic_cow,,0.7187,0.2175,0.1348,0.4212
445,podolic_cow (183).png,podolic_cow,,0.0906,0.0342,0.5338,0.9175
446,bird (126).png,bird,2025-04-19T07:44:51,0.5953,0.5518,0.2609,0.2194
447,bird (127).png,bird,,0.0796,0.8407,0.1916,0.1574
448,boar (69).png,boar,2024-12-30T07:14:53,0.163,0.3379,0.1328,0.4314
449,wolf (9).png,wolf,,0.8885,0.4101,0.0828,0.2435
450,bird (128).png,bird,,0.2802,0.6703,0.1562,0.3129
453,bird (129).png,bird,,0.502,0.5564,0.0864,0.1648
454,podolic_cow (185).png,podolic_cow,2025-02-24T09:09:44,0.0,0.1194,0.276,0.625
455,bird (130).png,bird,2025-04-19T08:24:14,0.339,0.5796,0.2479,0.2231
456,cat (8).png,cat,2025-03-22T10:38:29,0.5385,0.9481,0.0734,0.0509
457,boar (71).png,boar,2024-12-22T15:36:35,0.7281,0.3268,0.2718,0.6342
458,podolic_cow (186).png,podolic_cow,,0.5796,0.2111,0.313,0.5444
459,podolic_cow (187).png,podolic_cow,2025-04-15T07:41:16,0.3895,0.1972,0.1239,0.3148
460,fox (37).png,fox,2025-02-14T14:51:25,0.1416,0.4277,0.0578,0.1583
461,bird (131).png,bird,,0.7895,0.5518,0.1708,0.2157
462,podolic_cow (188).png,podolic_cow,,0.0,0.0796,0.7557,0.8712
463,podolic_cow (189).png,podolic_cow,2025-02-20T10:04:04,0.5442,0.1379,0.3614,0.812
464,podolic_cow (190).png,podolic_cow,,0.4682,0.2046,0.2567,0.6972
465,bird (132).png,bird,,0.452,0.5851,0.0802,0.2388
467,podolic_cow (191).png,podolic_cow,,0.5781,0.1861,0.2135,0.4648
469,boar (73).png,boar,,0.4348,0.2675,0.0322,0.0722
470,bird (133).png,bird,,0.0578,0.2861,0.039,0.1629
471,fox (38).png,fox,2025-09-02T09:30:55,0.5729,0.4564,0.0359,0.1462
473,podolic_cow (193).png,podolic_cow,2025-02-23T18:30:25,0.8494,0.2009,0.1505,0.749
474,podolic_cow (194).png,podolic_cow,,0.7718,0.1824,0.2281,0.6037
476,podolic_cow (195).png,podolic_cow,,0.4786,0.1787,0.4156,0.7731
479,podolic_cow (197).png,podolic_cow,2025-01-16T16:04:30,0.2859,0.0,0.714,0.9509
480,boar (74).png,boar,2024-12-17T14:10:10,0.4468,0.2083,0.0484,0.1518
481,podolic_cow (198).png,podolic_cow,2025-02-04T08:25:54,0.5166,0.2111,0.1385,0.2925
482,fox (39).png,fox,2025-03-20T09:41:10,0.4192,0.425,0.0307,0.0833
484,podolic_cow (199).png,podolic_cow,2025-01-04T14:02:10,0.8531,0.3222,0.0572,0.2527
485,podolic_cow (200).png,podolic_cow,,0.0,0.0009,0.9942,0.9499
486,podolic_cow (201).png,podolic_cow,2025-03-25T08:05:13,0.0,0.1509,0.5947,0.8472
487,podolic_cow (202).png,podolic_cow,,0.2427,0.1148,0.3979,0.8379
488,podolic_cow (203).png,podolic_cow,,0.6843,0.2305,0.1791,0.5055
489,cat (9).png,cat,2025-02-17T10:21:35,0.5197,0.6509,0.1765,0.1777
491,bird (137).png,bird,,0.6421,0.4981,0.1828,0.3509
492,bird (138).png,bird,,0.3848,0.6638,0.1473,0.3342
493,bird (139).png,bird,,0.4171,0.7638,0.2177,0.2203
494,boar (75).png,boar,2025-03-26T14:32:42,0.6854,0.6092,0.3145,0.3898
495,podolic_cow (204).png,podolic_cow,2025-03-24T13:39:55,0.563,0.5648,0.2885,0.4342
496,bird (140).png,bird,2025-04-20T15:23:32,0.0828,0.8037,0.1494,0.1944
497,podolic_cow (205).png,podolic_cow,,0.0005,0.0009,0.7572,0.9509
498,bird (141).png,bird,,0.6135,0.2648,0.1005,0.162
499,podolic_cow (206).png,podolic_cow,,0.3359,0.2509,0.363,0.7009
501,bird (142).png,bird,,0.1473,0.7296,0.1239,0.2694
502,podolic_cow (208).png,podolic_cow,2025-03-25T08:20:15,0.277,0.1768,0.3546,0.8222
503,podolic_cow (209).png,podolic_cow,,0.0,0.5361,0.1364,0.4157
505,podolic_cow (211).png,podolic_cow,2025-04-15T07:38:05,0.2203,0.1657,0.2249,0.5074
506,bird (143).png,bird,,0.0,0.7222,0.1421,0.1907
507,boar (76).png,boar,2025-03-28T18:10:05,0.1713,0.0009,0.8281,0.9953
508,bird (144).png,bird,,0.4177,0.7657,0.2359,0.2203
509,bird (145).png,bird,,0.313,0.7888,0.0614,0.1472
510,podolic_cow (212).png,podolic_cow,,0.589,0.2407,0.1604,0.3009
511,bird (146).png,bird,,0.4067,0.7333,0.0848,0.1175
513,bird (147).png,bird,,0.4697,0.7768,0.0572,0.0962
514,bird (148).png,bird,,0.6026,0.5203,0.0781,0.0861
515,fox (40).png,fox,,0.4567,0.399,0.0192,0.0583
516,bird (149).png,bird,2025-04-22T06:57:41,0.0,0.6296,0.1041,0.2546
517,bird (150).png,bird,,0.4916,0.7259,0.1359,0.2472
518,podolic_cow (214).png,podolic_cow,,0.3088,0.2083,0.3,0.4648
520,bird (151).png,bird,,0.5036,0.6249,0.3276,0.3231
521,bird (152).png,bird,2025-04-19T06:40:38,0.0,0.6629,0.252,0.3166
523,bird (153).png,bird,,0.1109,0.8722,0.0833,0.1018
524,bird (154).png,bird,,0.1218,0.6731,0.2187,0.3203
525,bird (155).png,bird,,0.3218,0.6712,0.177,0.2379
527,bird (156).png,bird,,0.3223,0.8129,0.0489,0.0935
528,podolic_cow (217).png,podolic_cow,,0.5406,0.2472,0.1312,0.4916
529,podolic_cow (218).png,podolic_cow,2025-05-04T08:06:12,0.5859,0.7027,0.0562,0.1907
531,podolic_cow (219).png,podolic_cow,,0.4921,0.2203,0.2369,0.7222
532,podolic_cow (220).png,podolic_cow,,0.276,0.3777,0.4296,0.574
533,podolic_cow (221).png,podolic_cow,,0.9302,0.1935,0.0697,0.55
534,podolic_cow (222).png,podolic_cow,2025-03-25T08:41:48,0.4927,0.099,0.5072,0.8629
535,dog (1).png,other,2025-02-17T16:51:43,0.4281,0.3212,0.0583,0.1629
536,fox (41).png,fox,2025-04-04T22:14:33,0.3869,0.4129,0.0401,0.0907
537,boar (78).png,boar,2024-12-17T14:08:28,0.2494,0.225,0.1656,0.1944
538,bird (158).png,bird,,0.4031,0.7009,0.1968,0.2898
539,podolic_cow (223).png,podolic_cow,,0.0,0.0009,1.0,0.9499
542,podolic_cow (225).png,podolic_cow,,0.6937,0.1851,0.1296,0.4212
543,boar (79).png,boar,2024-12-31T07:03:17,0.5328,0.2972,0.1942,0.5953
544,bird (160).png,bird,,0.4057,0.4953,0.0468,0.1453
547,bird (162).png,bird,2024-12-17T08:23:48,0.5661,0.7787,0.2161,0.1824
549,podolic_cow (227).png,podolic_cow,2025-05-04T08:01:58,0.5708,0.6749,0.1953,0.324
550,podolic_cow (228).png,podolic_cow,,0.0,0.1444,0.451,0.8074
553,podolic_cow (230).png,podolic_cow,,0.2656,0.0527,0.7343,0.8981
554,bird (163).png,bird,,0.2343,0.5722,0.1729,0.2314
555,podolic_cow (231).png,podolic_cow,,0.5635,0.2148,0.3499,0.6888
556,bird (164).png,bird,,0.4354,0.7287,0.0812,0.1444
557,fox (43).png,fox,2024-12-22T08:49:18,0.4499,0.2537,0.0348,0.1037
558,podolic_cow (232).png,podolic_cow,,0.5614,0.1824,0.3552,0.5388
559,wolf (10).png,wolf,,0.6776,0.337,0.0838,0.1453
560,boar (81).png,boar,2024-12-22T15:54:04,0.4468,0.1481,0.0703,0.1777
561,bird (165).png,bird,2025-04-25T07:16:45,0.9151,0.3777,0.0843,0.1953
562,bird (166).png,bird,,0.4552,0.7916,0.0322,0.0981
563,boar (82).png,boar,2024-12-28T09:03:05,0.4786,0.212,0.0812,0.2425
564,podolic_cow (233).png,podolic_cow,,0.4843,0.1416,0.2156,0.4092
565,podolic_cow (234).png,podolic_cow,,0.0,0.449,1.0,0.5
566,podolic_cow (235).png,podolic_cow,2025-01-04T08:20:44,0.664,0.149,0.3359,0.4824
567,bird (167).png,bird,,0.0,0.6583,0.0963,0.212
568,fox (44).png,fox,2025-03-11T18:40:51,0.6588,0.4796,0.0479,0.1277
569,bird (168).png,bird,,0.2161,0.7657,0.0692,0.0638
570,boar (83).png,boar,2025-03-12T12:12:15,0.5848,0.5472,0.1328,0.4046
571,bird (169).png,bird,,0.3651,0.6611,0.0687,0.1601
572,cat (11).png,cat,2025-02-16T11:27:09,0.2223,0.5157,0.0791,0.124
573,podolic_cow (236).png,podolic_cow,2025-05-04T08:19:52,0.263,0.1583,0.3994,0.5546
574,bird (170).png,bird,,0.0,0.8,0.2635,0.1925
576,bird (172).png,bird,,0.6062,0.5537,0.2932,0.2037
578,boar (84).png,boar,2024-12-29T08:13:56,0.8531,0.5416,0.1468,0.4194
579,podolic_cow (237).png,podolic_cow,2025-03-13T15:04:29,0.2624,0.1694,0.1833,0.4749
580,podolic_cow (238).png,podolic_cow,,0.3723,0.2231,0.3463,0.7287
581,podolic_cow (239).png,podolic_cow,,0.1119,0.0009,0.4197,0.9499
582,podolic_cow (240).png,podolic_cow,2025-01-04T08:15:11,0.3234,0.1888,0.5541,0.6324
583,podolic_cow (241).png,podolic_cow,2025-01-04T08:17:58,0.3703,0.6138,0.2635,0.3842
584,bird (174).png,bird,,0.302,0.8555,0.0364,0.1
586,podolic_cow (242).png,podolic_cow,,0.8937,0.2416,0.1062,0.6694
587,podolic_cow (243).png,podolic_cow,2025-01-04T08:12:03,0.5036,0.5398,0.2833,0.4592
588,bird (176).png,bird,,0.1119,0.8361,0.0635,0.1194
589,podolic_cow (244).png,podolic_cow,2025-01-04T08:18:38,0.4911,0.6046,0.2828,0.3944
590,weasel.png,other,,0.2817,0.749,0.1869,0.1222
591,boar (85).png,boar,,0.8984,0.5083,0.1015,0.3768
592,boar (86).png,boar,2024-12-17T07:24:13,0.0,0.3277,0.2307,0.6342
593,podolic_cow (245).png,podolic_cow,,0.6057,0.2101,0.3166,0.6814
594,bird (177).png,bird,,0.9166,0.2796,0.0833,0.1453
595,podolic_cow (246).png,podolic_cow,,0.0005,0.0462,0.6421,0.9046
596,bird (178).png,bird,,0.2541,0.8518,0.0557,0.1185
597,fox (45).png,fox,2025-09-02T19:57:48,0.464,0.3787,0.0364,0.0592
599,podolic_cow (247).png,podolic_cow,,0.0,0.0018,0.9973,0.949
601,boar (87).png,boar,2025-01-15T10:38:32,0.913,0.3824,0.0869,0.2509
602,fox (46).png,fox,2024-12-20T06:24:57,0.4937,0.3203,0.0921,0.1601
603,podolic_cow (249).png,podolic_cow,,0.0,0.0,0.7312,0.9509
604,fox (47).png,fox,2025-04-03T11:58:59,0.6026,0.4388,0.039,0.1
605,bird (180).png,bird,,0.3604,0.3268,0.0682,0.1527
606,boar (88).png,boar,2024-12-26T08:56:03,0.1697,0.2203,0.2671,0.4722
608,podolic_cow (250).png,podolic_cow,,0.3494,0.2027,0.3104,0.749
610,boar (89).png,boar,2024-12-17T14:00:24,0.189,0.2046,0.2479,0.2564
611,podolic_cow (252).png,podolic_cow,2025-01-04T08:14:16,0.5213,0.0509,0.4786,0.7749
613,podolic_cow (253).png,podolic_cow,,0.0005,0.0,0.8104,0.9509
614,bird (182).png,bird,2025-04-24T14:40:29,0.0,0.6481,0.077,0.2768
615,bird (183).png,bird,,0.3651,0.6249,0.1984,0.2398
616,bird (184).png,bird,,0.2661,0.749,0.0666,0.1111
617,podolic_cow (254).png,podolic_cow,,0.1562,0.4398,0.3166,0.512
618,podolic_cow (255).png,podolic_cow,,0.1776,0.1879,0.5015,0.7629
619,podolic_cow (256).png,podolic_cow,,0.4901,0.1851,0.2671,0.7537
620,fox (48).png,fox,2025-03-04T06:30:44,0.3958,0.4037,0.0442,0.1009
621,podolic_cow (257).png,podolic_cow,,0.3614,0.1231,0.6203,0.8277
622,bird (185).png,bird,,0.5749,0.5398,0.0843,0.1749
623,boar (90).png,boar,2025-03-28T18:01:09,0.7255,0.8249,0.0489,0.1138
624,bird (186).png,bird,2025-04-19T07:44:10,0.5494,0.5944,0.3072,0.174
625,bird (187).png,bird,,0.2098,0.8749,0.1083,0.1185
626,fox (49).png,fox,,0.6093,0.4212,0.026,0.1009
627,boar (91).png,boar,2025-01-04T17:53:31,0.1619,0.7546,0.2343,0.2444
629,bird (188).png,bird,,0.4213,0.7916,0.052,0.1064
630,boar (92).png,boar,2024-12-30T07:27:42,0.2723,0.1462,0.1145,0.3166
631,boar (93).png,boar,2024-12-31T09:09:22,0.1692,0.2138,0.1494,0.5074
632,podolic_cow (258).png,podolic_cow,,0.1343,0.0083,0.6177,0.9425
633,podolic_cow (259).png,podolic_cow,2025-03-13T15:00:34,0.2067,0.1888,0.4192,0.7722
634,podolic_cow (260).png,podolic_cow,2025-01-22T10:59:59,0.0427,0.1537,0.5151,0.7972
635,podolic_cow (261).png,podolic_cow,2025-03-25T08:34:33,0.6614,0.0009,0.3385,0.9611
636,boar (94).png,boar,2024-12-16T03:02:07,0.5744,0.2759,0.2322,0.6851
637,podolic_cow (262).png,podolic_cow,2025-03-04T10:04:52,0.1015,0.0009,0.6156,0.9518
638,bird (189).png,bird,,0.5354,0.0462,0.0765,0.1842
639,boar (95).png,boar,2025-01-15T12:34:54,0.5208,0.3962,0.1583,0.1981
640,boar (96).png,boar,2025-03-26T12:41:59,0.4598,0.1574,0.5401,0.8407
641,bird (190).png,bird,,0.3562,0.8259,0.0427,0.0879
642,bird (191).png,bird,,0.0,0.5824,0.0843,0.1861
643,podolic_cow (263).png,podolic_cow,,0.0,0.0018,0.5473,0.9509
644,podolic_cow (264).png,podolic_cow,,0.001,0.1694,0.6067,0.7805
645,boar (97).png,boar,,0.8541,0.3407,0.1458,0.6203
646,podolic_cow (265).png,podolic_cow,2025-01-04T08:10:41,0.2885,0.5499,0.2828,0.4481
647,podolic_cow (266).png,podolic_cow,,0.0,0.2249,0.1109,0.4277
648,podolic_cow (267).png,podolic_cow,2025-03-30T13:30:35,0.0,0.0009,0.0911,0.7407
649,podolic_cow (268).png,podolic_cow,2025-03-25T08:08:34,0.0,0.0009,0.1088,0.7101
650,wolf (11).png,wolf,,0.7432,0.3768,0.0484,0.1805
652,bird (192).png,bird,,0.2911,0.8462,0.039,0.1185
654,bird (194).png,bird,,0.0999,0.7592,0.3401,0.2361
657,bird (196).png,bird,,0.3822,0.6546,0.0671,0.1064
658,bird (197).png,bird,,0.5067,0.5749,0.326,0.3675
659,podolic_cow (270).png,podolic_cow,,0.3104,0.4814,0.3552,0.5175
660,bird (198).png,bird,,0.4781,0.4972,0.076,0.3277
662,bird (199).png,bird,,0.4229,0.7888,0.0791,0.1333
663,podolic_cow (272).png,podolic_cow,,0.0421,0.0018,0.713,0.9509
664,podolic_cow (273).png,podolic_cow,2025-03-25T08:36:17,0.6203,0.6824,0.227,0.3166
666,podolic_cow (274).png,podolic_cow,2025-03-14T15:25:06,0.6911,0.6425,0.0651,0.0564
668,podolic_cow (275).png,podolic_cow,2025-03-12T12:21:40,0.8744,0.2666,0.076,0.1842
670,podolic_cow (277).png,podolic_cow,2025-02-21T10:23:14,0.4395,0.1453,0.351,0.8064
671,boar.png,boar,NaT,0.0406,0.6129,0.7328,0.3861
672,fox.png,fox,2025-05-24T21:03:30,0.4822,0.3416,0.0687,0.0759
674,podolic_cow.png,podolic_cow,2025-06-01T17:27:05,0.1348,0.0166,0.3291,0.5435
675,podolic_cow.png,podolic_cow,2025-05-19T10:12:05,0.0,0.1861,0.2822,0.812
676,boar.png,boar,2025-05-19T19:50:27,0.0838,0.6592,0.2588,0.3398
678,boar.png,boar,NaT,0.3411,0.6759,0.202,0.3222
680,boar.png,boar,2025-05-27T14:30:49,0.4338,0.7083,0.1286,0.2907
681,fox.png,fox,2025-05-27T00:15:37,0.3843,0.3685,0.0546,0.0666
682,boar.png,boar,2025-05-29T16:43:40,0.0,0.75,0.15,0.249
684,wolf.png,wolf,2025-05-28T04:46:30,0.3906,0.2907,0.0895,0.1583
685,podolic_cow.png,podolic_cow,2025-06-01T12:15:17,0.4338,0.0444,0.2234,0.3305
686,boar.png,boar,2025-05-15T11:03:07,0.7369,0.7916,0.1151,0.2074
687,boar.png,boar,2025-05-26T11:20:01,0.5661,0.4962,0.2312,0.4657
688,boar.png,boar,2025-05-26T11:24:18,0.2255,0.1157,0.1604,0.2388
689,podolic_cow.png,podolic_cow,2025-05-22T18:10:08,0.6968,0.5157,0.1369,0.249
690,boar.png,boar,2025-09-05T08:13:28,0.5302,0.774,0.1661,0.224
691,boar.png,boar,2025-05-26T11:25:14,0.3588,0.2407,0.327,0.4268
692,fox.png,fox,2025-05-28T18:27:26,0.3458,0.3694,0.0385,0.1046
693,boar.png,boar,NaT,0.0,0.3287,0.113,0.3175
694,fox.png,fox,2025-05-27T21:23:56,0.5182,0.3074,0.0588,0.0638
695,boar.png,boar,2025-09-05T08:08:30,0.777,0.6712,0.1963,0.2888
696,boar.png,boar,NaT,0.652,0.7981,0.1651,0.2009
697,boar.png,boar,2025-05-27T17:12:40,0.3885,0.712,0.1703,0.287
700,boar.png,boar,2025-05-13T11:40:38,0.5781,0.7305,0.1203,0.2666
701,podolic_cow.png,podolic_cow,2025-06-05T17:34:27,0.2572,0.0324,0.5635,0.9657
702,podolic_cow.png,podolic_cow,NaT,0.1489,0.0462,0.2171,0.4962
705,podolic_cow.png,podolic_cow,2025-06-01T14:06:29,0.0,0.0101,0.1416,0.6574
707,boar.png,boar,2025-05-19T19:48:08,0.2494,0.6138,0.2234,0.2796
708,podolic_cow.png,podolic_cow,2025-05-19T10:13:06,0.6322,0.4203,0.3677,0.537
709,boar.png,boar,2025-12-05T13:37:33,0.3005,0.4129,0.6989,0.5842
710,boar.png,boar,2025-05-26T11:21:34,0.0,0.8435,0.2921,0.1194
711,boar.png,boar,NaT,0.0,0.7222,0.2088,0.2768
712,podolic_cow.png,podolic_cow,NaT,0.3796,0.4722,0.4968,0.5268
713,podolic_cow.png,podolic_cow,2025-05-19T10:12:05,0.0,0.1861,0.2822,0.812
714,fox.png,fox,2025-05-26T15:26:19,0.0,0.5574,0.0817,0.1444
718,wolf.png,wolf,2025-05-23T21:44:52,0.0,0.3962,0.1276,0.2657
719,boar.png,boar,2025-09-05T08:06:55,0.1411,0.7259,0.4677,0.2731
721,wolf.png,wolf,2025-05-25T19:37:38,0.0,0.4111,0.101,0.3055
722,fox.png,fox,2025-05-24T23:40:02,0.5067,0.3361,0.0411,0.0546
723,boar.png,boar,2025-05-27T17:13:28,0.5614,0.7166,0.1583,0.2824
727,podolic_cow.png,podolic_cow,2025-06-01T13:00:07,0.2031,0.0601,0.263,0.4212
728,fox.png,fox,2025-05-28T02:07:21,0.5166,0.3231,0.0536,0.0546
729,boar.png,boar,2025-05-27T14:31:35,0.0,0.7388,0.3921,0.2601
730,boar.png,boar,2025-05-27T14:29:59,0.752,0.7564,0.2234,0.2416
731,podolic_cow.png,podolic_cow,2025-06-01T12:27:42,0.7932,0.0009,0.2067,0.962
733,boar.png,boar,NaT,0.0,0.6787,0.0874,0.3194
734,boar.png,boar,NaT,0.1291,0.4759,0.1453,0.1861
735,podolic_cow.png,podolic_cow,2025-05-18T16:46:18,0.0,0.037,0.6312,0.9611
736,boar.png,boar,NaT,0.0,0.7222,0.0421,0.2768
737,podolic_cow.png,podolic_cow,2025-06-05T17:33:40,0.0005,0.0009,0.5588,0.9972
738,wolf.png,wolf,2025-05-26T02:03:56,0.3562,0.2666,0.0718,0.2027
739,wolf.png,wolf,2025-05-26T23:47:51,0.2927,0.3055,0.0984,0.1787
740,boar.png,boar,2025-05-15T10:57:20,0.3901,0.6074,0.6098,0.3916
741,boar.png,boar,2025-10-05T20:21:16,0.551,0.6981,0.1677,0.2518
742,wolf.png,wolf,2025-05-24T04:25:53,0.2916,0.3185,0.0979,0.1787
743,podolic_cow.png,podolic_cow,2025-05-18T15:40:39,0.4921,0.4685,0.2651,0.4888
744,boar.png,boar,2025-12-05T13:38:21,0.6109,0.7564,0.2156,0.2425
745,podolic_cow.png,podolic_cow,NaT,0.3796,0.4722,0.4968,0.5268
747,boar.png,boar,2025-05-25T06:07:32,0.5989,0.6796,0.3656,0.3194
748,podolic_cow.png,podolic_cow,2025-05-18T15:35:42,0.2078,0.5824,0.2046,0.4166
749,podolic_cow.png,podolic_cow,NaT,0.3619,0.0,0.3218,0.9981
750,podolic_cow.png,podolic_cow,NaT,0.0,0.0101,0.3359,0.6222
751,boar.png,boar,NaT,0.6072,0.7703,0.151,0.2287
752,boar.png,boar,2025-05-29T16:44:13,0.4239,0.6796,0.2093,0.2388
753,podolic_cow.png,podolic_cow,NaT,0.2005,0.0083,0.3093,0.5388
755,podolic_cow.png,podolic_cow,2025-05-22T18:10:08,0.6968,0.5157,0.1369,0.249
